{
  "KDV5-F5BW-59WW-HL1T": {
    "expires": 1758878148.6873305,
    "hwid": "39376663393138303264636635313065663963343366336534373231366261386564646538623936386431323137653862396639626162383839386562306132",
    "used": true
  },
  "OUT1-5NQX-4O7Q-GNXT": {
    "expires": 1758878884.4347408,
    "hwid": null,
    "used": false
  },
  "71AV-H0FQ-4UQ5-LWMR": {
    "expires": 1758879001.4364607,
    "hwid": null,
    "used": false
  },
  "78IY-SGNJ-8E3N-UKU5": {
    "expires": 1758879713.9986346,
    "hwid": "39376663393138303264636635313065663963343366336534373231366261386564646538623936386431323137653862396639626162383839386562306132",
    "used": true,
    "hwid_reset_used": false
  },
  "GU2O-0M2Q-BA0O-TSGP": {
    "expires": 1758880101.2655861,
    "hwid": "39376663393138303264636635313065663963343366336534373231366261386564646538623936386431323137653862396639626162383839386562306132",
    "used": true,
    "hwid_reset_used": false
  },
  "QEOE-NYMZ-0JCT-A8T6": {
    "expires": 1758882326.5020354,
    "hwid": null,
    "used": false,
    "hwid_reset_used": false
  },
  "R4D3-2CPO-SAD4-095U": {
    "expires": 1758882534.337861,
    "hwid": null,
    "used": false,
    "hwid_reset_used": false,
    "user_id": 7204665649,
    "username": "@cocybcem"
  },
  "LIVS-5KC0-RWWB-VWVE": {
    "expires": 1758883511.924661,
    "hwid": null,
    "used": false,
    "hwid_reset_used": false,
    "user_id": 7204665649,
    "username": "@cocybcem"
  }
}