{
  "huy228": {
    "expires": 1758868849.6329312,
    "hwid": null,
    "used": false
  },
  "CWSF-VROZ-B010-9DG9": {
    "expires": 1758869787.4265494,
    "hwid": null,
    "used": false
  }
}