{
  "3U01-SJXW-IG3E-OYDF": {
    "expires": 1758866870.2074597,
    "hwid": null,
    "used": false
  },
  "OKQT-MJ4U-DY0N-3SJA": {
    "expires": 1758868075.2271428,
    "hwid": null,
    "used": false
  }
}