{
  "sosiski": {
    "expires": 1758873958.9716997,
    "hwid": null,
    "used": false
  },
  "MYLO-IUGE-8YOK-3LSI": {
    "expires": 1758874074.9347627,
    "hwid": null,
    "used": false
  },
  "sosiski228": {
    "expires": 1758874261.030123,
    "hwid": null,
    "used": false
  },
  "NTTI-SBBK-OPOF-VP77": {
    "expires": 1758876494.2236516,
    "hwid": null,
    "used": false
  },
  "4IWA-YIV2-PP2D-SSLI": {
    "expires": 1758876672.2325795,
    "hwid": null,
    "used": false
  },
  "8DTL-L4AR-DSVI-OQQF": {
    "expires": 1758877435.3494763,
    "hwid": null,
    "used": false
  },
  "3PPQ-5Q2K-KODL-W5CR": {
    "expires": 1758877505.4862225,
    "hwid": null,
    "used": false
  }
}