{
  "sosiski": {
    "expires": 1758873958.9716997,
    "hwid": null,
    "used": false
  },
  "pizda": {
    "expires": 1758874037.7891512,
    "hwid": null,
    "used": false
  }
}