{
  "sosiski": {
    "expires": 1758873958.9716997,
    "hwid": null,
    "used": false
  },
  "O859-1E0L-5KNT-UZ83": {
    "expires": 1758874027.2539027,
    "hwid": null,
    "used": false
  }
}