{
  "TEST-1234-ABCD-5678": {
    "expires": 1999999999,
    "hwid": null,
    "used": false
  },
  "R6QH-2AOM-NUD8-W34G": {
    "expires": 1758837428.371862,
    "hwid": null,
    "used": false
  },
  "895T-0FPR-FAUP-90F7": {
    "expires": 1758838563.503192,
    "hwid": null,
    "used": false
  },
  "OGUP-J7N2-L6HZ-EHBO": {
    "expires": 1758838754.5136008,
    "hwid": null,
    "used": false
  },
  "OAE1-WUXX-JLQC-TXLW": {
    "expires": 1758841403.6321492,
    "hwid": null,
    "used": false
  }
}