{
  "KDV5-F5BW-59WW-HL1T": {
    "expires": 1758878148.6873305,
    "hwid": "39376663393138303264636635313065663963343366336534373231366261386564646538623936386431323137653862396639626162383839386562306132",
    "used": true
  },
  "OUT1-5NQX-4O7Q-GNXT": {
    "expires": 1758878884.4347408,
    "hwid": null,
    "used": false
  }
}