{
  "sosiski": {
    "expires": 1758873958.9716997,
    "hwid": null,
    "used": false
  },
  "MYLO-IUGE-8YOK-3LSI": {
    "expires": 1758874074.9347627,
    "hwid": null,
    "used": false
  },
  "4G0Y-1UIJ-XTRB-IGN4": {
    "expires": 1758874241.6054232,
    "hwid": null,
    "used": false
  }
}