{
  "sosiski": {
    "expires": 1758873958.9716997,
    "hwid": null,
    "used": false
  },
  "NIHG-K5OZ-8VE7-JQTS": {
    "expires": 1758874055.6513119,
    "hwid": null,
    "used": false
  }
}